{"alpha": {"Algeria": -0.05536585381772809, "Argentina": 0.5536578096834249, "Australia": 0.039742032075559604, "Austria": 0.4938038743897765, "Belgium": 0.6868097617785534, "Bosnia & Herzegovina": 0.05890092811941528, "Brazil": 0.7424778557090894, "Canada": -1.0008115511536801, "Cape Verde": -0.2157756454258627, "Colombia": 0.6393580710347356, "Croatia": 0.4194308090354848, "Curacao": 0.4535078737027898, "Czech Republic": -0.13876494808432416, "D.R. Congo": -0.12650019095507833, "Ecuador": -0.17619279643763183, "Egypt": 0.14029063314440132, "England": -0.11929931290849417, "France": 0.8273857477266211, "Germany": 0.7137016497329985, "Ghana": -0.4519601314715581, "Haiti": -1.5337386929150405, "Iran": -0.7165239267818052, "Iraq": -1.211762268603458, "Ivory Coast": 0.37017473238024523, "Japan": 0.12699307972869472, "Jordan": 0.17109471824759684, "Mexico": 0.006686178481842663, "Morocco": 0.4702359503054677, "Netherlands": 0.5960846630491484, "New Zealand": -0.4484166096410879, "Norway": -0.15599087723189262, "Panama": -0.3686355829790807, "Paraguay": 0.1011128958691407, "Portugal": 0.2334134340386295, "Qatar": -0.16379433088217657, "Saudi Arabia": -1.0361161754305912, "Scotland": -0.972719016437688, "Senegal": 0.2573904483628385, "South Africa": 0.07488443181012684, "South Korea": -0.2394290964854708, "Spain": 1.0918588572776624, "Sweden": 0.29043554974348457, "Switzerland": 0.638362392111742, "Tunisia": -0.24354623582868196, "Turkey": 0.022390311731672302, "USA": 0.3620658909492443, "Uruguay": -0.0864651813059678, "Uzbekistan": 0.018588835217008468}, "beta": {"Algeria": -0.26983755278787064, "Argentina": -0.5842751097917722, "Australia": -0.029502108119571175, "Austria": -0.2763728619890088, "Belgium": 0.025151469564674223, "Bosnia & Herzegovina": 0.37029403827788526, "Brazil": -0.13993966416215659, "Canada": -0.4925005807585542, "Cape Verde": 0.05119759872624823, "Colombia": -0.12895767005741687, "Croatia": -0.15944998893950899, "Curacao": 1.4787114547397093, "Czech Republic": 0.41927037940470335, "D.R. Congo": 0.17695662523468425, "Ecuador": -0.9424069205069484, "Egypt": -0.32261439304430034, "England": -0.05578186676892063, "France": -0.4213339652487112, "Germany": 0.0003321927927172461, "Ghana": 0.5533197109774143, "Haiti": 0.6314815564747881, "Iran": -0.4554221874231918, "Iraq": 0.28933606833537917, "Ivory Coast": 0.07295505114865612, "Japan": -0.43988925114428107, "Jordan": 0.414247161197403, "Mexico": -0.1507855455107933, "Morocco": -0.15554652201755093, "Netherlands": -0.15700635577526664, "New Zealand": 0.21852796639110178, "Norway": -0.15888068923885962, "Panama": 0.11607867766146539, "Paraguay": -0.03845236463207604, "Portugal": -0.9028451750912909, "Qatar": 0.9520057153150366, "Saudi Arabia": 0.13804699221197608, "Scotland": -0.08097114211988077, "Senegal": -0.20827921422793014, "South Africa": 0.23712009461905903, "South Korea": 0.25986683623159357, "Spain": 0.06523144936041507, "Sweden": 0.5853791361868523, "Switzerland": 0.09759415925776978, "Tunisia": -0.1226487566331229, "Turkey": 0.19399040079474697, "USA": 0.5142514318135779, "Uruguay": -0.02520384839792156, "Uzbekistan": -0.0034175120197800866}, "gamma": 0.033837474058405044, "rho": -0.2862961080237386}