{"alpha": {"Algeria": 0.1564057844700857, "Argentina": 0.5301918296806681, "Australia": 0.1509581517383279, "Austria": 0.5282825044737949, "Belgium": 0.5358561178283793, "Bosnia & Herzegovina": -0.13149800914043386, "Brazil": 0.6680451006442966, "Canada": -0.6384298639030208, "Cape Verde": -0.44053491567967146, "Colombia": 0.662153752159231, "Croatia": 0.3759613967929816, "Curacao": 0.30825902287177354, "Czech Republic": -0.07721892853115135, "D.R. Congo": -0.4299358963490548, "Ecuador": -0.3199335203228156, "Egypt": 0.12746784762045066, "England": 0.2543294244212752, "France": 0.6965168057942231, "Germany": 0.6860968467921953, "Ghana": -0.4250452822736528, "Haiti": -1.1345981412220176, "Iran": -0.3350854632723567, "Iraq": -0.8759550321864141, "Ivory Coast": 0.03839563193103923, "Japan": 0.3096054037603705, "Jordan": -0.010365178678298706, "Mexico": 0.048882760907793865, "Morocco": 0.30003929604034973, "Netherlands": 0.5611525752352767, "New Zealand": -0.5386689361916734, "Norway": 0.1658928502156437, "Panama": -0.4077985801404741, "Paraguay": 0.04937575089199681, "Portugal": 0.4852266065429327, "Qatar": -0.23842155438174742, "Saudi Arabia": -0.8817663379447108, "Scotland": -0.22465551511752133, "Senegal": 0.09413119855435645, "South Africa": 0.03205408239919805, "South Korea": -0.0046661371127267835, "Spain": 0.7558707758640969, "Sweden": 0.3506414483367693, "Switzerland": 0.4902778321374723, "Tunisia": -0.2922766652566545, "Turkey": 0.22373841801290217, "USA": 0.18213001692129557, "Uruguay": 0.13086743178724078, "Uzbekistan": -0.2068725117000951}, "beta": {"Algeria": -0.04648254551991543, "Argentina": -0.6324073214014123, "Australia": -0.042715498372620266, "Austria": -0.22052389571103403, "Belgium": -0.059743572108761495, "Bosnia & Herzegovina": 0.48438779695165, "Brazil": -0.1639338170020152, "Canada": -0.16982788684707795, "Cape Verde": 0.1734082134789312, "Colombia": -0.2780543126702604, "Croatia": -0.2800421223633908, "Curacao": 1.2547045186958135, "Czech Republic": 0.2988896341012696, "D.R. Congo": 0.3744871986048819, "Ecuador": -0.8868986205032947, "Egypt": 0.1285950433765522, "England": -0.15859650340776463, "France": -0.5821570705761308, "Germany": -0.025504912720375854, "Ghana": 0.48966676284077165, "Haiti": 0.790479052157192, "Iran": -0.00892112417166092, "Iraq": 0.28430351910555696, "Ivory Coast": -0.13839364874746837, "Japan": -0.3558333480626497, "Jordan": 0.5819111647057935, "Mexico": 0.021881865841843574, "Morocco": -0.15055332646954372, "Netherlands": -0.07700416602493196, "New Zealand": 0.09707217897008463, "Norway": 0.08542631862553277, "Panama": 0.2716478819215248, "Paraguay": -0.11037725439933269, "Portugal": -0.6371491854739793, "Qatar": 0.8725103988074728, "Saudi Arabia": 0.060356045598503744, "Scotland": 0.07509465790411406, "Senegal": -0.09824020895349264, "South Africa": 0.058080002978566914, "South Korea": 0.22907314568864567, "Spain": -0.2097714346983975, "Sweden": 0.5693709919299603, "Switzerland": 0.008175315100565806, "Tunisia": -0.10675957947642357, "Turkey": 0.337490636619787, "USA": 0.31486158579822604, "Uruguay": -0.19082031754489168, "Uzbekistan": 0.05393376644732543}, "gamma": 0.09700408423856575, "rho": -0.217189935630257}