{"alpha": {"Algeria": 0.0635824157151466, "Argentina": 0.5747341151427664, "Australia": 0.07801426556295801, "Austria": 0.4631822476683403, "Belgium": 0.5581987112145832, "Bosnia & Herzegovina": -0.028281998477026126, "Brazil": 0.6889577638193844, "Canada": -0.7622395411396236, "Cape Verde": -0.3486990147617583, "Colombia": 0.6297151668088476, "Croatia": 0.38062981570025506, "Curacao": 0.37009993446092215, "Czech Republic": -0.09449563770127482, "D.R. Congo": -0.18693965287752326, "Ecuador": -0.24393818968959385, "Egypt": 0.13668218554083145, "England": 0.0706174646381299, "France": 0.7734100256472309, "Germany": 0.647836716156624, "Ghana": -0.4391612519567722, "Haiti": -1.3188360214250596, "Iran": -0.4522489907900887, "Iraq": -0.9940195394015325, "Ivory Coast": 0.2452682271969395, "Japan": 0.19829412193095092, "Jordan": 0.07142007890479503, "Mexico": 0.02964331523004593, "Morocco": 0.3822054971841364, "Netherlands": 0.5330086878515122, "New Zealand": -0.540681194633573, "Norway": -0.04979711449993459, "Panama": -0.43603778899379325, "Paraguay": 0.09565013926250651, "Portugal": 0.32300055674725864, "Qatar": -0.17849359158008654, "Saudi Arabia": -0.960627093789932, "Scotland": -0.483165634780644, "Senegal": 0.2478927254178957, "South Africa": 0.07834750078588235, "South Korea": -0.11544392729983532, "Spain": 1.0064765615829405, "Sweden": 0.3472291748335798, "Switzerland": 0.5721993978513813, "Tunisia": -0.2762383382113251, "Turkey": 0.08741396337642808, "USA": 0.25461102929853935, "Uruguay": 0.041041859351306414, "Uzbekistan": -0.11584267173655968}, "beta": {"Algeria": -0.18662323144954632, "Argentina": -0.6125219512844992, "Australia": -0.01786398393083693, "Austria": -0.22910201508404085, "Belgium": -0.020373175337100705, "Bosnia & Herzegovina": 0.4910488095844544, "Brazil": -0.13289956758410623, "Canada": -0.29369937263960544, "Cape Verde": 0.1377471770023665, "Colombia": -0.2154988618733291, "Croatia": -0.2262967134788765, "Curacao": 1.357961443524866, "Czech Republic": 0.3920762752294716, "D.R. Congo": 0.21751673510829994, "Ecuador": -0.9520267124371895, "Egypt": -0.1636563335652557, "England": -0.13440380678057628, "France": -0.4078103029588141, "Germany": -0.06205043299829269, "Ghana": 0.5281186353299443, "Haiti": 0.7202632906000084, "Iran": -0.1342260332242052, "Iraq": 0.2939640276113944, "Ivory Coast": -0.0795480720670878, "Japan": -0.40676450051486507, "Jordan": 0.5129996823380815, "Mexico": -0.05539300839443422, "Morocco": -0.1994624848519755, "Netherlands": -0.14538289191163226, "New Zealand": 0.21605373296144714, "Norway": -0.007592077308288433, "Panama": 0.20948034823615494, "Paraguay": -0.10054595807142344, "Portugal": -0.7462321713527165, "Qatar": 0.8810620459025023, "Saudi Arabia": 0.09698748998838774, "Scotland": 0.021710882766404233, "Senegal": -0.16423205515906, "South Africa": 0.12329232075324542, "South Korea": 0.26959523770708316, "Spain": 0.009464332796912814, "Sweden": 0.5902682739480991, "Switzerland": 0.05993050393487562, "Tunisia": -0.10837961586468789, "Turkey": 0.25977875539125994, "USA": 0.4532161197049966, "Uruguay": -0.14712429319655534, "Uzbekistan": 0.03137307621603244}, "gamma": 0.07175272321763043, "rho": -0.25690486313184663}