{"alpha": {"Algeria": 0.16725125025292115, "Argentina": 0.5203419968273291, "Australia": 0.1547434746314449, "Austria": 0.4896676589896207, "Belgium": 0.5204171313509831, "Bosnia & Herzegovina": -0.13703613864019976, "Brazil": 0.6921100113793932, "Canada": -0.5951065789248506, "Cape Verde": -0.47408170496598884, "Colombia": 0.6519396740919884, "Croatia": 0.36485636274515704, "Curacao": 0.30825902287177354, "Czech Republic": -0.0947379610717273, "D.R. Congo": -0.384845245629812, "Ecuador": -0.28098880570316415, "Egypt": 0.1475367619029317, "England": 0.26243631055881383, "France": 0.6865306942699712, "Germany": 0.6661999864074147, "Ghana": -0.41037031352390113, "Haiti": -1.1456777193846828, "Iran": -0.3350854632723567, "Iraq": -0.855703506894789, "Ivory Coast": 0.03839614102892757, "Japan": 0.29751195405735353, "Jordan": -0.014149827465260847, "Mexico": 0.08523903890666344, "Morocco": 0.30336244147332353, "Netherlands": 0.5565901729063452, "New Zealand": -0.6478401103338847, "Norway": 0.10461426651848067, "Panama": -0.39692653619182794, "Paraguay": 0.08729738795320058, "Portugal": 0.4669095046231387, "Qatar": -0.22099931905722722, "Saudi Arabia": -0.8615497235813044, "Scotland": -0.23739951654061403, "Senegal": 0.09929247512344076, "South Africa": 0.046630399922267814, "South Korea": -0.000949785072694961, "Spain": 0.7476786223895217, "Sweden": 0.3712321083596619, "Switzerland": 0.49171585821203034, "Tunisia": -0.28308743885907917, "Turkey": 0.2216887578964872, "USA": 0.1709267958878559, "Uruguay": 0.1559462047871552, "Uzbekistan": -0.21570657579030483}, "beta": {"Algeria": -0.05732801130275086, "Argentina": -0.6225574885480732, "Australia": -0.04650082126573725, "Austria": -0.18190905022685988, "Belgium": -0.044304585631365294, "Bosnia & Herzegovina": 0.4899259264514159, "Brazil": -0.18799872773711188, "Canada": -0.21315117182524818, "Cape Verde": 0.2069550027652486, "Colombia": -0.2678402346030177, "Croatia": -0.2689370883155663, "Curacao": 1.2547045186958135, "Czech Republic": 0.3164086666418456, "D.R. Congo": 0.3293965478856391, "Ecuador": -0.9258433351229461, "Egypt": 0.10852612909407117, "England": -0.16670338954530325, "France": -0.5721709590518788, "Germany": -0.005608052335595319, "Ghana": 0.47499179409102, "Haiti": 0.8015586303198571, "Iran": -0.00892112417166092, "Iraq": 0.26405199381393185, "Ivory Coast": -0.13839415784535672, "Japan": -0.34373989835963276, "Jordan": 0.5856958134927557, "Mexico": -0.014474412157026002, "Morocco": -0.1538764719025175, "Netherlands": -0.07244176369600042, "New Zealand": 0.2062433531122959, "Norway": 0.1467049023226958, "Panama": 0.2607758379728786, "Paraguay": -0.14829889146053646, "Portugal": -0.6188320835541853, "Qatar": 0.8550881634829526, "Saudi Arabia": 0.040139431235097375, "Scotland": 0.08783865932720676, "Senegal": -0.10340148552257696, "South Africa": 0.04350368545549715, "South Korea": 0.22535679364861386, "Spain": -0.20157928122382227, "Sweden": 0.5487803319070677, "Switzerland": 0.006737289026007755, "Tunisia": -0.1159488058739989, "Turkey": 0.33954029673620195, "USA": 0.3260648068316657, "Uruguay": -0.2158990905448061, "Uzbekistan": 0.06276783053753517}, "gamma": 0.09700408423856575, "rho": -0.217189935630257}