{"alpha": {"Algeria": -0.16382051164608238, "Argentina": 1.4321561382168153, "Australia": 0.0018888031443897793, "Austria": 0.8799523292315181, "Belgium": 1.1411996265525153, "Bosnia & Herzegovina": 0.11428222311707437, "Brazil": 1.0518287483581226, "Canada": -1.4340444009353823, "Cape Verde": 0.11969224743731133, "Colombia": 0.7914988517071623, "Croatia": 0.53048114951373, "Curacao": 0.4535078737027898, "Czech Republic": 0.03642537732143536, "D.R. Congo": -0.5774066981475064, "Ecuador": -0.565639942634146, "Egypt": -0.06039850968040883, "England": 0.5996318257161196, "France": 1.7472468629691407, "Germany": 1.362670253580804, "Ghana": -0.5987098189690747, "Haiti": -1.42294291128839, "Iran": -0.7165239267818052, "Iraq": -1.4142775215197088, "Ivory Coast": 0.3701696414013618, "Japan": 0.2479275767588645, "Jordan": 0.20894120611721825, "Mexico": -0.3568766015068531, "Morocco": 0.43700449597572993, "Netherlands": 1.1617086863384638, "New Zealand": 0.6432951317810247, "Norway": 0.4567949597397377, "Panama": -0.4773560224655426, "Paraguay": -0.27810347474289693, "Portugal": 0.8965844532365695, "Qatar": -0.3380166841273786, "Saudi Arabia": -1.2382823190646548, "Scotland": -0.845279002206761, "Senegal": 0.20577768267199537, "South Africa": -0.07087874342057081, "South Korea": -0.27659261688578907, "Spain": 2.023780392023415, "Sweden": 0.0845289495145583, "Switzerland": 0.6239821313661614, "Tunisia": -0.33543849980443524, "Turkey": 0.042886912895821944, "USA": 0.474098101283641, "Uruguay": -0.037252911305112046, "Uzbekistan": 0.10692947611910583}, "beta": {"Algeria": -0.16138289495951635, "Argentina": -1.4627734383251625, "Australia": 0.00835112081159865, "Austria": -0.6625213168307503, "Belgium": -0.42923839520928775, "Bosnia & Herzegovina": 0.31491274328022617, "Brazil": -0.4492905568111898, "Canada": -0.05926773097685201, "Cape Verde": -0.2842702941369258, "Colombia": -0.28109845072984346, "Croatia": -0.27050032941775426, "Curacao": 1.4787114547397093, "Czech Republic": 0.24408005399894384, "D.R. Congo": 0.6278631324271123, "Ecuador": -0.5529597743104343, "Egypt": -0.12192525021949019, "England": -0.7747130053935344, "France": -1.3411950804912305, "Germany": -0.6486364110550882, "Ghana": 0.7000693984749309, "Haiti": 0.5206857748481376, "Iran": -0.4554221874231918, "Iraq": 0.49185132125163, "Ivory Coast": 0.07296014212753953, "Japan": -0.5608237481744509, "Jordan": 0.3764006733277816, "Mexico": 0.21277723447790245, "Morocco": -0.12231506768781314, "Netherlands": -0.7226303790645822, "New Zealand": -0.873183775031011, "Norway": -0.77166652621049, "Panama": 0.22479911714792727, "Paraguay": 0.3407640059799616, "Portugal": -1.566016194289231, "Qatar": 1.1262280685602386, "Saudi Arabia": 0.34021313584603974, "Scotland": -0.20841115635080776, "Senegal": -0.15666644853708703, "South Africa": 0.3828832698497567, "South Korea": 0.2970303566319118, "Spain": -0.8666900853853375, "Sweden": 0.7912857364157786, "Switzerland": 0.1119744200033503, "Tunisia": -0.030756492657369613, "Turkey": 0.17349379963059733, "USA": 0.4022192214791812, "Uruguay": -0.07441611839877732, "Uzbekistan": -0.09175815292187746}, "gamma": 0.033837474058405044, "rho": -0.2862961080237386}