{"alpha": {"Algeria": -0.07279043100873758, "Argentina": 1.6173279526090232, "Australia": -0.1917459647734371, "Austria": 0.7827844018580205, "Belgium": 1.1156522253731405, "Bosnia & Herzegovina": 0.09212970511801073, "Brazil": 1.3563617286379426, "Canada": -1.2253871246347017, "Cape Verde": 0.08731099207312533, "Colombia": 1.0243882668672133, "Croatia": 0.5551398793020144, "Curacao": 0.4535078737027898, "Czech Republic": 0.027530542177150688, "D.R. Congo": -0.25977852042789906, "Ecuador": -0.3288884430434227, "Egypt": 0.14168983093282167, "England": 0.7709614215615237, "France": 1.8222362638725365, "Germany": 1.5380824647563363, "Ghana": -0.5930959905689384, "Haiti": -1.4672612239390501, "Iran": -0.6711242732658514, "Iraq": -1.3332714203532083, "Ivory Coast": 0.4273017610301364, "Japan": 0.2267161351202434, "Jordan": 0.19380261096936968, "Mexico": -0.06808511702586675, "Morocco": 0.5936904274178857, "Netherlands": 1.1873979784390372, "New Zealand": 0.20661043521217964, "Norway": 0.2116806249510856, "Panama": -0.49084420229297576, "Paraguay": -0.1838885703083008, "Portugal": 0.9466475660922651, "Qatar": -0.39802440091792257, "Saudi Arabia": -1.2880349261530952, "Scotland": -1.0670244984382262, "Senegal": 0.3170557992478229, "South Africa": -0.03752899643752666, "South Korea": -0.322531813239764, "Spain": 2.1042179908487797, "Sweden": 0.16689158960612882, "Switzerland": 0.6911812363052178, "Tunisia": -0.276506339195309, "Turkey": 0.02347000762462948, "USA": 0.5177490167501009, "Uruguay": 0.14262537771567796, "Uzbekistan": 0.0715932197582669}, "beta": {"Algeria": -0.25241297559686116, "Argentina": -1.6479452527173704, "Australia": 0.20198588872942552, "Austria": -0.5653533894572527, "Belgium": -0.40369099402991276, "Bosnia & Herzegovina": 0.3370652612792898, "Brazil": -0.7538235370910096, "Canada": -0.2679250072775327, "Cape Verde": -0.25188903877273977, "Colombia": -0.5139878658898946, "Croatia": -0.2951590592060386, "Curacao": 1.4787114547397093, "Czech Republic": 0.25297488914322847, "D.R. Congo": 0.31023495470750495, "Ecuador": -0.7897112739011575, "Egypt": -0.3240135908327207, "England": -0.9460426012389385, "France": -1.4161844813946267, "Germany": -0.8240486222306205, "Ghana": 0.6944555700747945, "Haiti": 0.5650040874987978, "Iran": -0.5008218409391456, "Iraq": 0.4108452200851297, "Ivory Coast": 0.015828022498764964, "Japan": -0.5396123065358298, "Jordan": 0.39153926847563014, "Mexico": -0.07601425000308387, "Morocco": -0.2790009991299689, "Netherlands": -0.7483196711651553, "New Zealand": -0.4364990784621658, "Norway": -0.5265521914218378, "Panama": 0.23828729697536044, "Paraguay": 0.24654910154536547, "Portugal": -1.6160793071449264, "Qatar": 1.1862357853507828, "Saudi Arabia": 0.38996574293448016, "Scotland": 0.01333433988065734, "Senegal": -0.26794456511291453, "South Africa": 0.3495335228667126, "South Korea": 0.34296955298588677, "Spain": -0.9471276842107023, "Sweden": 0.7089230963242081, "Switzerland": 0.04477531506429395, "Tunisia": -0.08968865326649583, "Turkey": 0.1929107049017898, "USA": 0.35856830601272127, "Uruguay": -0.2542944074195673, "Uzbekistan": -0.056421896561038506}, "gamma": 0.033837474058405044, "rho": -0.2862961080237386, "styles": {"Algeria": {"possession": 68.36246561796804, "def_height": 58.91843127047135}, "Argentina": {"possession": 57.5882561481274, "def_height": 57.0819767861096}, "Australia": {"possession": 38.32607953165691, "def_height": 56.254090426863726}, "Austria": {"possession": 52.74630257989563, "def_height": 60.81860765786669}, "Belgium": {"possession": 55.93430576476386, "def_height": 55.88960418659224}, "Bosnia & Herzegovina": {"possession": 50.0, "def_height": 40.0}, "Brazil": {"possession": 57.77713318485591, "def_height": 60.84582200986513}, "Canada": {"possession": 50.021168921829045, "def_height": 60.34439558138058}, "Cape Verde": {"possession": 53.455701199869885, "def_height": 54.32392802404922}, "Colombia": {"possession": 54.3980800105436, "def_height": 59.39985726106334}, "Croatia": {"possession": 55.02171299139873, "def_height": 58.97173446714718}, "Curacao": {"possession": 50.0, "def_height": 40.0}, "Czech Republic": {"possession": 40.39672771152792, "def_height": 55.82121800030637}, "D.R. Congo": {"possession": 45.61214996437822, "def_height": 58.29128546652037}, "Ecuador": {"possession": 47.77392965995034, "def_height": 56.72657104855583}, "Egypt": {"possession": 57.01752719747235, "def_height": 57.23231547084941}, "England": {"possession": 58.986831324539885, "def_height": 61.19991962701258}, "France": {"possession": 50.91777680315684, "def_height": 55.43863889908992}, "Germany": {"possession": 60.83576327705247, "def_height": 65.90738250555151}, "Ghana": {"possession": 42.62177735405561, "def_height": 52.35721677973825}, "Haiti": {"possession": 50.0, "def_height": 40.0}, "Iran": {"possession": 37.29079556217488, "def_height": 51.76986486983842}, "Iraq": {"possession": 50.0, "def_height": 40.0}, "Ivory Coast": {"possession": 58.22699544862922, "def_height": 58.585294043233546}, "Japan": {"possession": 36.0306739761692, "def_height": 57.303207981618776}, "Jordan": {"possession": 50.0, "def_height": 40.0}, "Mexico": {"possession": 56.71559973147684, "def_height": 57.47683346578314}, "Morocco": {"possession": 46.85114948736029, "def_height": 58.49773324826853}, "Netherlands": {"possession": 53.24087727761928, "def_height": 55.95640417019635}, "New Zealand": {"possession": 50.0, "def_height": 40.0}, "Norway": {"possession": 50.0, "def_height": 40.0}, "Panama": {"possession": 53.63765935209426, "def_height": 60.84004708477825}, "Paraguay": {"possession": 48.36751444536333, "def_height": 61.184578545690805}, "Portugal": {"possession": 63.59735977105535, "def_height": 62.814657201112816}, "Qatar": {"possession": 43.17857007080954, "def_height": 49.01953874662812}, "Saudi Arabia": {"possession": 44.58982930037232, "def_height": 53.70894470062948}, "Scotland": {"possession": 44.15955160136042, "def_height": 58.78018293815446}, "Senegal": {"possession": 48.357976919634254, "def_height": 55.71961682467068}, "South Africa": {"possession": 51.85912333173072, "def_height": 52.64909278100984}, "South Korea": {"possession": 48.44426106262028, "def_height": 58.81429098764011}, "Spain": {"possession": 66.83434395412024, "def_height": 65.0534956066835}, "Sweden": {"possession": 50.0, "def_height": 40.0}, "Switzerland": {"possession": 47.870199113765054, "def_height": 57.77736299468907}, "Tunisia": {"possession": 47.81160682390505, "def_height": 53.14449459640843}, "Turkey": {"possession": 49.53186504164857, "def_height": 54.67864727917023}, "USA": {"possession": 49.41146775220277, "def_height": 56.21194438705543}, "Uruguay": {"possession": 50.16238729060795, "def_height": 54.27405727064895}, "Uzbekistan": {"possession": 50.0, "def_height": 40.0}}}