{"alpha": {"Algeria": 0.041891484149475744, "Argentina": 1.3744337808494445, "Australia": 0.07044361977672405, "Austria": 0.5404119386366886, "Belgium": 0.8890766841693756, "Bosnia & Herzegovina": -0.017205739477494306, "Brazil": 1.1908279423491912, "Canada": -0.848886111095964, "Cape Verde": -0.2816054361891235, "Colombia": 0.700143322943333, "Croatia": 0.40283988379590413, "Curacao": 0.37009993446092215, "Czech Republic": -0.05945757262012292, "D.R. Congo": -0.2771209543160089, "Ecuador": -0.32182761892889666, "Egypt": 0.09654435697586941, "England": 0.8544036923630527, "France": 1.6133822486957348, "Germany": 1.1376304369261852, "Ghana": -0.4685111894562755, "Haiti": -1.2966768650997296, "Iran": -0.4522489907900887, "Iraq": -1.0345225899847827, "Ivory Coast": 0.2452672090011628, "Japan": 0.22248102133698489, "Jordan": 0.07898937647871931, "Mexico": -0.04306924076769322, "Morocco": 0.37555920631818884, "Netherlands": 1.0621334925093753, "New Zealand": -0.32233884634915044, "Norway": 0.0727600528943915, "Panama": -0.4577818768910856, "Paraguay": 0.01980686514009898, "Portugal": 0.8396347605868466, "Qatar": -0.21333806222912693, "Saudi Arabia": -1.0010603225167447, "Scotland": -0.4576776319344586, "Senegal": 0.23757017227972707, "South Africa": 0.04919486573974281, "South Korea": -0.12287663137989897, "Spain": 1.8728608685320909, "Sweden": 0.3060478547877945, "Switzerland": 0.5693233457022652, "Tunisia": -0.29461679100647575, "Turkey": 0.091513283609258, "USA": 0.2770174713654187, "Uruguay": 0.2908843133514776, "Uzbekistan": -0.0981745435561402}, "beta": {"Algeria": -0.16493229988387545, "Argentina": -1.4122216169911772, "Australia": -0.010293338144602964, "Austria": -0.30633170605238913, "Belgium": -0.3512511482918931, "Bosnia & Herzegovina": 0.4799725505849226, "Brazil": -0.6347697461139129, "Canada": -0.20705280268326498, "Cape Verde": 0.07065359842973169, "Colombia": -0.2859270180078144, "Croatia": -0.24850678157452555, "Curacao": 1.357961443524866, "Czech Republic": 0.35703821014831966, "D.R. Congo": 0.30769803654678557, "Ecuador": -0.8741372831978866, "Egypt": -0.12351850500029365, "England": -0.9181900345054991, "France": -1.2477825260073179, "Germany": -0.5518441537678538, "Ghana": 0.5574685728294476, "Haiti": 0.6981041342746783, "Iran": -0.1342260332242052, "Iraq": 0.33446707819464455, "Ivory Coast": -0.07954705387131113, "Japan": -0.43095139992089904, "Jordan": 0.5054303847641571, "Mexico": 0.01731954760330493, "Morocco": -0.19281619398602795, "Netherlands": -0.6745076965694954, "New Zealand": -0.002288615322975418, "Norway": -0.13014924470261452, "Panama": 0.23122443613344731, "Paraguay": -0.02470268394901591, "Portugal": -1.2628663751923046, "Qatar": 0.9159065165515426, "Saudi Arabia": 0.13742071871520048, "Scotland": -0.003777120079781166, "Senegal": -0.15390950202089138, "South Africa": 0.15244495579938494, "South Korea": 0.2770279417871468, "Spain": -0.8569199741522376, "Sweden": 0.6314495939938843, "Switzerland": 0.06280655608399172, "Tunisia": -0.09000116306953723, "Turkey": 0.25567943515843, "USA": 0.4308096776381172, "Uruguay": -0.3969667471967265, "Uzbekistan": 0.013704948035612969}, "gamma": 0.07175272321763043, "rho": -0.25690486313184663}